{
    "10_snr": {
        "8": {
            "ber": 0.02898046875,
            "crc_ber": 0.02894241330613526,
            "num_samples": 32000
        },
        "16": {
            "ber": 0.03314453125,
            "crc_ber": 0.03316366545363283,
            "num_samples": 32000
        },
        "24": {
            "ber": 0.0629296875,
            "crc_ber": 0.06292156862745098,
            "num_samples": 32000
        },
        "overall_ber": 0.041684895833333326,
        "overall_crc_ber": 0.041675882462406354
    },
    "8_snr": {
        "8": {
            "ber": 0.07884765625,
            "crc_ber": 0.07888585592369478,
            "num_samples": 32000
        },
        "16": {
            "ber": 0.043611328125,
            "crc_ber": 0.04364453958098106,
            "num_samples": 32000
        },
        "24": {
            "ber": 0.0655703125,
            "crc_ber": 0.06556243792797031,
            "num_samples": 32000
        },
        "overall_ber": 0.06267643229166667,
        "overall_crc_ber": 0.06269761114421539
    },
    "6_snr": {
        "8": {
            "ber": 0.14790625,
            "crc_ber": 0.1479830997397548,
            "num_samples": 32000
        },
        "16": {
            "ber": 0.078517578125,
            "crc_ber": 0.0785740055213954,
            "num_samples": 32000
        },
        "24": {
            "ber": 0.08272135416666666,
            "crc_ber": 0.08268194422644273,
            "num_samples": 32000
        },
        "overall_ber": 0.10304839409722222,
        "overall_crc_ber": 0.10307968316253098
    },
    "4_snr": {
        "8": {
            "ber": 0.2173203125,
            "crc_ber": 0.2174195874349489,
            "num_samples": 32000
        },
        "16": {
            "ber": 0.136849609375,
            "crc_ber": 0.13686182890115403,
            "num_samples": 32000
        },
        "24": {
            "ber": 0.12991666666666668,
            "crc_ber": 0.12992179495221964,
            "num_samples": 32000
        },
        "overall_ber": 0.16136219618055556,
        "overall_crc_ber": 0.16140107042944085
    },
    "2_snr": {
        "8": {
            "ber": 0.27875390625,
            "crc_ber": 0.27872987029262486,
            "num_samples": 32000
        },
        "16": {
            "ber": 0.20459375,
            "crc_ber": 0.20449036741865645,
            "num_samples": 32000
        },
        "24": {
            "ber": 0.20253515625,
            "crc_ber": 0.2024704239495403,
            "num_samples": 32000
        },
        "overall_ber": 0.22862760416666664,
        "overall_crc_ber": 0.22856355388694052
    },
    "0_snr": {
        "8": {
            "ber": 0.327234375,
            "crc_ber": 0.3272539249788474,
            "num_samples": 32000
        },
        "16": {
            "ber": 0.262619140625,
            "crc_ber": 0.26256588855421686,
            "num_samples": 32000
        },
        "24": {
            "ber": 0.2741028645833333,
            "crc_ber": 0.2741889502646831,
            "num_samples": 32000
        },
        "overall_ber": 0.2879854600694444,
        "overall_crc_ber": 0.2880029212659158
    }
}