{
    "10_snr": {
        "8": {
            "average_net_bit_error_rate": 0.0103427734375,
            "average_msg_bit_error_rate": 0.0291171875,
            "average_frozen_bit_error_rate": 0.004084635416666667,
            "batch_size": 32,
            "num_samples": 32000,
            "total_bits": 1024000,
            "total_error_bits": 10591,
            "total_msg_bits": 256000,
            "total_frozen_bits": 768000
        },
        "16": {
            "average_net_bit_error_rate": 0.0206875,
            "average_msg_bit_error_rate": 0.03290625,
            "average_frozen_bit_error_rate": 0.00846875,
            "batch_size": 32,
            "num_samples": 32000,
            "total_bits": 1024000,
            "total_error_bits": 21184,
            "total_msg_bits": 512000,
            "total_frozen_bits": 512000
        },
        "24": {
            "average_net_bit_error_rate": 0.0531572265625,
            "average_msg_bit_error_rate": 0.06267447916666667,
            "average_frozen_bit_error_rate": 0.02460546875,
            "batch_size": 32,
            "num_samples": 32000,
            "total_bits": 1024000,
            "total_error_bits": 54433,
            "total_msg_bits": 768000,
            "total_frozen_bits": 256000
        },
        "overall_ber": 0.0280625
    },
    "8_snr": {
        "8": {
            "average_net_bit_error_rate": 0.025328125,
            "average_msg_bit_error_rate": 0.07906640625,
            "average_frozen_bit_error_rate": 0.007415364583333334,
            "batch_size": 32,
            "num_samples": 32000,
            "total_bits": 1024000,
            "total_error_bits": 25936,
            "total_msg_bits": 256000,
            "total_frozen_bits": 768000
        },
        "16": {
            "average_net_bit_error_rate": 0.027900390625,
            "average_msg_bit_error_rate": 0.04412890625,
            "average_frozen_bit_error_rate": 0.011671875,
            "batch_size": 32,
            "num_samples": 32000,
            "total_bits": 1024000,
            "total_error_bits": 28570,
            "total_msg_bits": 512000,
            "total_frozen_bits": 512000
        },
        "24": {
            "average_net_bit_error_rate": 0.0527509765625,
            "average_msg_bit_error_rate": 0.06550130208333334,
            "average_frozen_bit_error_rate": 0.0145,
            "batch_size": 32,
            "num_samples": 32000,
            "total_bits": 1024000,
            "total_error_bits": 54017,
            "total_msg_bits": 768000,
            "total_frozen_bits": 256000
        },
        "overall_ber": 0.03532649739583333
    },
    "6_snr": {
        "8": {
            "average_net_bit_error_rate": 0.0435048828125,
            "average_msg_bit_error_rate": 0.14624609375,
            "average_frozen_bit_error_rate": 0.0092578125,
            "batch_size": 32,
            "num_samples": 32000,
            "total_bits": 1024000,
            "total_error_bits": 44549,
            "total_msg_bits": 256000,
            "total_frozen_bits": 768000
        },
        "16": {
            "average_net_bit_error_rate": 0.04889453125,
            "average_msg_bit_error_rate": 0.077435546875,
            "average_frozen_bit_error_rate": 0.020353515625,
            "batch_size": 32,
            "num_samples": 32000,
            "total_bits": 1024000,
            "total_error_bits": 50068,
            "total_msg_bits": 512000,
            "total_frozen_bits": 512000
        },
        "24": {
            "average_net_bit_error_rate": 0.068068359375,
            "average_msg_bit_error_rate": 0.08321614583333334,
            "average_frozen_bit_error_rate": 0.022625,
            "batch_size": 32,
            "num_samples": 32000,
            "total_bits": 1024000,
            "total_error_bits": 69702,
            "total_msg_bits": 768000,
            "total_frozen_bits": 256000
        },
        "overall_ber": 0.053489257812499996
    },
    "4_snr": {
        "8": {
            "average_net_bit_error_rate": 0.06158203125,
            "average_msg_bit_error_rate": 0.2148984375,
            "average_frozen_bit_error_rate": 0.0104765625,
            "batch_size": 32,
            "num_samples": 32000,
            "total_bits": 1024000,
            "total_error_bits": 63060,
            "total_msg_bits": 256000,
            "total_frozen_bits": 768000
        },
        "16": {
            "average_net_bit_error_rate": 0.0862138671875,
            "average_msg_bit_error_rate": 0.136462890625,
            "average_frozen_bit_error_rate": 0.03596484375,
            "batch_size": 32,
            "num_samples": 32000,
            "total_bits": 1024000,
            "total_error_bits": 88283,
            "total_msg_bits": 512000,
            "total_frozen_bits": 512000
        },
        "24": {
            "average_net_bit_error_rate": 0.107580078125,
            "average_msg_bit_error_rate": 0.13063151041666668,
            "average_frozen_bit_error_rate": 0.03842578125,
            "batch_size": 32,
            "num_samples": 32000,
            "total_bits": 1024000,
            "total_error_bits": 110162,
            "total_msg_bits": 768000,
            "total_frozen_bits": 256000
        },
        "overall_ber": 0.08512532552083334
    },
    "2_snr": {
        "8": {
            "average_net_bit_error_rate": 0.0772890625,
            "average_msg_bit_error_rate": 0.2757578125,
            "average_frozen_bit_error_rate": 0.0111328125,
            "batch_size": 32,
            "num_samples": 32000,
            "total_bits": 1024000,
            "total_error_bits": 79144,
            "total_msg_bits": 256000,
            "total_frozen_bits": 768000
        },
        "16": {
            "average_net_bit_error_rate": 0.1282080078125,
            "average_msg_bit_error_rate": 0.2050078125,
            "average_frozen_bit_error_rate": 0.051408203125,
            "batch_size": 32,
            "num_samples": 32000,
            "total_bits": 1024000,
            "total_error_bits": 131285,
            "total_msg_bits": 512000,
            "total_frozen_bits": 512000
        },
        "24": {
            "average_net_bit_error_rate": 0.1678076171875,
            "average_msg_bit_error_rate": 0.202875,
            "average_frozen_bit_error_rate": 0.06260546875,
            "batch_size": 32,
            "num_samples": 32000,
            "total_bits": 1024000,
            "total_error_bits": 171835,
            "total_msg_bits": 768000,
            "total_frozen_bits": 256000
        },
        "overall_ber": 0.12443489583333334
    },
    "0_snr": {
        "8": {
            "average_net_bit_error_rate": 0.089890625,
            "average_msg_bit_error_rate": 0.32846484375,
            "average_frozen_bit_error_rate": 0.010365885416666666,
            "batch_size": 32,
            "num_samples": 32000,
            "total_bits": 1024000,
            "total_error_bits": 92048,
            "total_msg_bits": 256000,
            "total_frozen_bits": 768000
        },
        "16": {
            "average_net_bit_error_rate": 0.1624072265625,
            "average_msg_bit_error_rate": 0.263876953125,
            "average_frozen_bit_error_rate": 0.0609375,
            "batch_size": 32,
            "num_samples": 32000,
            "total_bits": 1024000,
            "total_error_bits": 166305,
            "total_msg_bits": 512000,
            "total_frozen_bits": 512000
        },
        "24": {
            "average_net_bit_error_rate": 0.2291455078125,
            "average_msg_bit_error_rate": 0.27361848958333335,
            "average_frozen_bit_error_rate": 0.0957265625,
            "batch_size": 32,
            "num_samples": 32000,
            "total_bits": 1024000,
            "total_error_bits": 234645,
            "total_msg_bits": 768000,
            "total_frozen_bits": 256000
        },
        "overall_ber": 0.16048111979166668
    },