{
    "4_snr": {
        "8": {
            "average_net_bit_error_rate": 0.0802314453125,
            "average_msg_bit_bit_error_rate": 0.3205078125,
            "average_frozen_bits_bit_error_rate": 0.00013932291666666666,
            "batch_size": 32,
            "num_samples": 32000,
            "total_bits": 1024000,
            "total_error_bits": 82157,
            "total_msg_bits": 256000,
            "total_frozen_bits": 768000
        },
        "16": {
            "average_net_bit_error_rate": 0.13048828125,
            "average_msg_bit_bit_error_rate": 0.25360546875,
            "average_frozen_bits_bit_error_rate": 0.00737109375,
            "batch_size": 32,
            "num_samples": 32000,
            "total_bits": 1024000,
            "total_error_bits": 133620,
            "total_msg_bits": 512000,
            "total_frozen_bits": 512000
        },
        "24": {
            "average_net_bit_error_rate": 0.302861328125,
            "average_msg_bit_bit_error_rate": 0.383734375,
            "average_frozen_bits_bit_error_rate": 0.0602421875,
            "batch_size": 32,
            "num_samples": 32000,
            "total_bits": 1024000,
            "total_error_bits": 310130,
            "total_msg_bits": 768000,
            "total_frozen_bits": 256000
        },
        "overall_ber": 0.17119368489583334
    },
    "6_snr": {
        "8": {
            "average_net_bit_error_rate": 0.0561904296875,
            "average_msg_bit_bit_error_rate": 0.22421484375,
            "average_frozen_bits_bit_error_rate": 0.00018229166666666667,
            "batch_size": 32,
            "num_samples": 32000,
            "total_bits": 1024000,
            "total_error_bits": 57539,
            "total_msg_bits": 256000,
            "total_frozen_bits": 768000
        },
        "16": {
            "average_net_bit_error_rate": 0.1081123046875,
            "average_msg_bit_bit_error_rate": 0.216212890625,
            "average_frozen_bits_bit_error_rate": 1.171875e-05,
            "batch_size": 32,
            "num_samples": 32000,
            "total_bits": 1024000,
            "total_error_bits": 110707,
            "total_msg_bits": 512000,
            "total_frozen_bits": 512000
        },
        "24": {
            "average_net_bit_error_rate": 0.2787646484375,
            "average_msg_bit_bit_error_rate": 0.36312239583333333,
            "average_frozen_bits_bit_error_rate": 0.02569140625,
            "batch_size": 32,
            "num_samples": 32000,
            "total_bits": 1024000,
            "total_error_bits": 285455,
            "total_msg_bits": 768000,
            "total_frozen_bits": 256000
        },
        "overall_ber": 0.14768912760416666
    },
    "8_snr": {
        "8": {
            "average_net_bit_error_rate": 0.0309345703125,
            "average_msg_bit_bit_error_rate": 0.12340625,
            "average_frozen_bits_bit_error_rate": 0.00011067708333333333,
            "batch_size": 32,
            "num_samples": 32000,
            "total_bits": 1024000,
            "total_error_bits": 31677,
            "total_msg_bits": 256000,
            "total_frozen_bits": 768000
        },
        "16": {
            "average_net_bit_error_rate": 0.0975615234375,
            "average_msg_bit_bit_error_rate": 0.195123046875,
            "average_frozen_bits_bit_error_rate": 0.0,
            "batch_size": 32,
            "num_samples": 32000,
            "total_bits": 1024000,
            "total_error_bits": 99903,
            "total_msg_bits": 512000,
            "total_frozen_bits": 512000
        },
        "24": {
            "average_net_bit_error_rate": 0.198494140625,
            "average_msg_bit_bit_error_rate": 0.26420052083333334,
            "average_frozen_bits_bit_error_rate": 0.001375,
            "batch_size": 32,
            "num_samples": 32000,
            "total_bits": 1024000,
            "total_error_bits": 203258,
            "total_msg_bits": 768000,
            "total_frozen_bits": 256000
        },
        "overall_ber": 0.10899674479166667
    },
    "10_snr": {
        "8": {
            "average_net_bit_error_rate": 0.0199609375,
            "average_msg_bit_bit_error_rate": 0.07969140625,
            "average_frozen_bits_bit_error_rate": 5.078125e-05,
            "batch_size": 32,
            "num_samples": 32000,
            "total_bits": 1024000,
            "total_error_bits": 20440,
            "total_msg_bits": 256000,
            "total_frozen_bits": 768000
        },
        "16": {
            "average_net_bit_error_rate": 0.0944248046875,
            "average_msg_bit_bit_error_rate": 0.188849609375,
            "average_frozen_bits_bit_error_rate": 0.0,
            "batch_size": 32,
            "num_samples": 32000,
            "total_bits": 1024000,
            "total_error_bits": 96691,
            "total_msg_bits": 512000,
            "total_frozen_bits": 512000
        },
        "24": {
            "average_net_bit_error_rate": 0.1722421875,
            "average_msg_bit_bit_error_rate": 0.22965625,
            "average_frozen_bits_bit_error_rate": 0.0,
            "batch_size": 32,
            "num_samples": 32000,
            "total_bits": 1024000,
            "total_error_bits": 176376,
            "total_msg_bits": 768000,
            "total_frozen_bits": 256000
        },
        "overall_ber": 0.09554264322916667
    }
}