{
    "10_snr": {
        "8": {
            "average_net_bit_error_rate": 0.5646552734375,
            "average_msg_bit_error_rate": 0.0303828125,
            "average_frozen_bit_error_rate": 0.74274609375,
            "batch_size": 32,
            "num_samples": 32000,
            "total_bits": 1024000,
            "total_error_bits": 578207,
            "total_msg_bits": 256000,
            "total_frozen_bits": 768000
        },
        "16": {
            "average_net_bit_error_rate": 0.153537109375,
            "average_msg_bit_error_rate": 0.002244140625,
            "average_frozen_bit_error_rate": 0.304830078125,
            "batch_size": 32,
            "num_samples": 32000,
            "total_bits": 1024000,
            "total_error_bits": 157222,
            "total_msg_bits": 512000,
            "total_frozen_bits": 512000
        },
        "24": {
            "average_net_bit_error_rate": 0.1453203125,
            "average_msg_bit_error_rate": 0.021052083333333332,
            "average_frozen_bit_error_rate": 0.518125,
            "batch_size": 32,
            "num_samples": 32000,
            "total_bits": 1024000,
            "total_error_bits": 148808,
            "total_msg_bits": 768000,
            "total_frozen_bits": 256000
        },
        "overall_ber": 0.28783756510416664
    },
    "8_snr": {
        "8": {
            "average_net_bit_error_rate": 0.60189453125,
            "average_msg_bit_error_rate": 0.0799765625,
            "average_frozen_bit_error_rate": 0.7758671875,
            "batch_size": 32,
            "num_samples": 32000,
            "total_bits": 1024000,
            "total_error_bits": 616340,
            "total_msg_bits": 256000,
            "total_frozen_bits": 768000
        },
        "16": {
            "average_net_bit_error_rate": 0.175755859375,
            "average_msg_bit_error_rate": 0.01828515625,
            "average_frozen_bit_error_rate": 0.3332265625,
            "batch_size": 32,
            "num_samples": 32000,
            "total_bits": 1024000,
            "total_error_bits": 179974,
            "total_msg_bits": 512000,
            "total_frozen_bits": 512000
        },
        "24": {
            "average_net_bit_error_rate": 0.1083603515625,
            "average_msg_bit_error_rate": 0.024825520833333333,
            "average_frozen_bit_error_rate": 0.35896484375,
            "batch_size": 32,
            "num_samples": 32000,
            "total_bits": 1024000,
            "total_error_bits": 110961,
            "total_msg_bits": 768000,
            "total_frozen_bits": 256000
        },
        "overall_ber": 0.2953369140625
    },
    "6_snr": {
        "8": {
            "average_net_bit_error_rate": 0.6250556640625,
            "average_msg_bit_error_rate": 0.148484375,
            "average_frozen_bit_error_rate": 0.7839127604166667,
            "batch_size": 32,
            "num_samples": 32000,
            "total_bits": 1024000,
            "total_error_bits": 640057,
            "total_msg_bits": 256000,
            "total_frozen_bits": 768000
        },
        "16": {
            "average_net_bit_error_rate": 0.27332421875,
            "average_msg_bit_error_rate": 0.06419140625,
            "average_frozen_bit_error_rate": 0.48245703125,
            "batch_size": 32,
            "num_samples": 32000,
            "total_bits": 1024000,
            "total_error_bits": 279884,
            "total_msg_bits": 512000,
            "total_frozen_bits": 512000
        },
        "24": {
            "average_net_bit_error_rate": 0.115259765625,
            "average_msg_bit_error_rate": 0.04773307291666667,
            "average_frozen_bit_error_rate": 0.31783984375,
            "batch_size": 32,
            "num_samples": 32000,
            "total_bits": 1024000,
            "total_error_bits": 118026,
            "total_msg_bits": 768000,
            "total_frozen_bits": 256000
        },
        "overall_ber": 0.33787988281250003
    },
    "4_snr": {
        "8": {
            "average_net_bit_error_rate": 0.643978515625,
            "average_msg_bit_error_rate": 0.216125,
            "average_frozen_bit_error_rate": 0.7865963541666666,
            "batch_size": 32,
            "num_samples": 32000,
            "total_bits": 1024000,
            "total_error_bits": 659434,
            "total_msg_bits": 256000,
            "total_frozen_bits": 768000
        },
        "16": {
            "average_net_bit_error_rate": 0.3506748046875,
            "average_msg_bit_error_rate": 0.13317578125,
            "average_frozen_bit_error_rate": 0.568173828125,
            "batch_size": 32,
            "num_samples": 32000,
            "total_bits": 1024000,
            "total_error_bits": 359091,
            "total_msg_bits": 512000,
            "total_frozen_bits": 512000
        },
        "24": {
            "average_net_bit_error_rate": 0.1906796875,
            "average_msg_bit_error_rate": 0.10640625,
            "average_frozen_bit_error_rate": 0.4435,
            "batch_size": 32,
            "num_samples": 32000,
            "total_bits": 1024000,
            "total_error_bits": 195256,
            "total_msg_bits": 768000,
            "total_frozen_bits": 256000
        },
        "overall_ber": 0.39511100260416665
    },
    "2_snr": {
        "8": {
            "average_net_bit_error_rate": 0.656564453125,
            "average_msg_bit_error_rate": 0.27988671875,
            "average_frozen_bit_error_rate": 0.7821236979166667,
            "batch_size": 32,
            "num_samples": 32000,
            "total_bits": 1024000,
            "total_error_bits": 672322,
            "total_msg_bits": 256000,
            "total_frozen_bits": 768000
        },
        "16": {
            "average_net_bit_error_rate": 0.395705078125,
            "average_msg_bit_error_rate": 0.202921875,
            "average_frozen_bit_error_rate": 0.58848828125,
            "batch_size": 32,
            "num_samples": 32000,
            "total_bits": 1024000,
            "total_error_bits": 405202,
            "total_msg_bits": 512000,
            "total_frozen_bits": 512000
        },
        "24": {
            "average_net_bit_error_rate": 0.285794921875,
            "average_msg_bit_error_rate": 0.19256770833333334,
            "average_frozen_bit_error_rate": 0.5654765625,
            "batch_size": 32,
            "num_samples": 32000,
            "total_bits": 1024000,
            "total_error_bits": 292654,
            "total_msg_bits": 768000,
            "total_frozen_bits": 256000
        },
        "overall_ber": 0.44602148437499994
    },
    "0_snr": {
        "8": {
            "average_net_bit_error_rate": 0.6614140625,
            "average_msg_bit_error_rate": 0.327046875,
            "average_frozen_bit_error_rate": 0.7728697916666667,
            "batch_size": 32,
            "num_samples": 32000,
            "total_bits": 1024000,
            "total_error_bits": 677288,
            "total_msg_bits": 256000,
            "total_frozen_bits": 768000
        },
        "16": {
            "average_net_bit_error_rate": 0.4215263671875,
            "average_msg_bit_error_rate": 0.26378125,
            "average_frozen_bit_error_rate": 0.579271484375,
            "batch_size": 32,
            "num_samples": 32000,
            "total_bits": 1024000,
            "total_error_bits": 431643,
            "total_msg_bits": 512000,
            "total_frozen_bits": 512000
        },
        "24": {
            "average_net_bit_error_rate": 0.3494404296875,
            "average_msg_bit_error_rate": 0.27071223958333335,
            "average_frozen_bit_error_rate": 0.585625,
            "batch_size": 32,
            "num_samples": 32000,
            "total_bits": 1024000,
            "total_error_bits": 357827,
            "total_msg_bits": 768000,
            "total_frozen_bits": 256000
        },
        "overall_ber": 0.4774602864583333
    },